0,1,2,3,4,5,6
Topic #0: monde travail histoire effet gens explique livre puis famille mieux,Topic #1: sorties retrouvez magazine films cinéma marvel festival articles semaine disney,Topic #2: photos découvrez news dernières interprète réalisateur scène musique photo instagram,Topic #3: film cinéma réalisateur polanski festival films roman métrage accuse histoire,Topic #4: apple vidéo jeux version xbox joueurs disponible google switch nintendo,Topic #5: série saison épisode netflix épisodes fans nouvelle séries star retour,Topic #6: album musique scène artiste groupe nouvel clip chanson concert chanteur
Topic #0: équipe match saison joueurs championnat victoire matchs buts entraîneur jouer,Topic #1: direct live suivez rencontre match football eurosport équipes dessous connaître,Topic #2: masters nadal djokovic federer tsitsipas finale thiem londres tennis zverev,Topic #3: courses pronostics course résultats gagné gauche terrain départ droite piste,Topic #4: points rebonds passes lakers james quart clippers victoire saison tirs,Topic #5: ligue lyon champions garcia lyonnais match marseille lille toulouse rudi,Topic #6: coupe finale euro monde groupe pays rugby davis angleterre afrique
Topic #0: cookies privacy paramètres social site dpgmedia siège situé numéro entreprise,Topic #1: offrent ciblage maison outils dépôt personnalisation possibilité paramétrer permettant radio,Topic #2: verizon your partners relevant media provide show also that huffpost,Topic #3: service acceptes aident assurer onefootball utilisant français cookies savoir utilisation,Topic #4: this wish improve read assume policy uses website with menu,Topic #5: centres intérêt blank field leave adaptés proposer acceptez poursuivant this,Topic #6: handirect adresse diffuserons acceptons ecrivez témoignage rédactionnel aimez sélectionné budgets
Topic #0: entreprise entreprises produits groupe clients marché société services données développement,Topic #1: friday black amazon promotions lieu offres cdiscount apple bons plans,Topic #2: points bourse indice hausse paris chine séance baisse unis accord,Topic #3: euros millions paris jeux budget etat gouvernement ministre montant france,Topic #4: prix vente apple hausse enchères offre xiaomi iphone smartphone produits,Topic #5: trimestre croissance chiffre affaires groupe troisième hausse exercice ventes activité,Topic #6: dollars milliards tiffany lvmh millions américain unis alibaba apple milliard
Topic #0: parti élections gauche droite municipales candidat campagne liste politique brexit,Topic #1: trump donald président américain unis destitution blanche maison démocrates etats,Topic #2: manifestants morales pays iran bolivie irak forces contestation manifestations bagdad,Topic #3: grève réforme retraites syndicats sncf gouvernement mouvement retraite mobilisation philippe,Topic #4: ministre pays gouvernement santé conseil projet québec commission président état,Topic #5: chine hong kong pékin chinois démocratie accord unis manifestants etats,Topic #6: macron emmanuel président français otan france république chef gilets jaunes
Topic #0: ville maire projet commune travaux conseil centre habitants municipal place,Topic #1: nuages vent ciel températures midi météo ouest soleil soufflera moyenne,Topic #2: noël marché père fêtes sapin cadeaux place animations exposants jouets,Topic #3: hier iookaz occaz rubrique articles bonne près strasbourg concert vidéo,Topic #4: enfants école élèves parents enfant jeunes scolaire petits écoles collège,Topic #5: heures association salle concert spectacle soirée exposition festival salon public,Topic #6: saint jean martin pierre église denis paris paul nicolas jacques
Topic #0: informé alerte compte devenez recommandons téléchargeant newsletters notifications inscrivant suivez,Topic #1: class text quot article nbsp related rsquo span strong laprovence,Topic #2: symbol path title fill viewbox circle 20s9 2h1c1 2v10c0 2v16c0,Topic #3: eacute agrave nbsp quot href egrave https twitter ecirc belgique,Topic #4: facebook utilisateurs article publié twitter application édition données réseau google,Topic #5: marchés moniteur régionale secteur publics privés veille outils nationale environnement,Topic #6: abonnement numérique offre engagement accès suite carte articles journal partir
Topic #0: police attaque manifestants kong hong policiers forces plusieurs campus ordre,Topic #1: femmes violences conjugales victimes faites hommes violence féminicides grenelle conjoint,Topic #2: accident voiture véhicule route conducteur circulation collision camion vers blessé,Topic #3: jaunes gilets paris mouvement manifestants manifestation anniversaire ordre violences place,Topic #4: prison tribunal cour justice procès condamné appel affaire avocat devant,Topic #5: homme femme jeune mort mère corps victime famille fille père,Topic #6: incendie pompiers sapeurs secours maison flammes immeuble nuit incendies place
Topic #0: france français pays française monde jean président santé europe notamment,Topic #1: coupe finale monde davis rugby france équipe compétition mondial stade,Topic #2: euro bleus deschamps équipe groupe moldavie tirage france albanie didier,Topic #3: miss concours france élection femme marseille jeune générale culture voyage,Topic #4: météo vigilance neige vent orange pluie pluies départements températures ouest,Topic #5: tour poulidor raymond champion cyclisme poupou anquetil étape france maillot,Topic #6: paris masters jaunes gilets capitale agriculteurs manifestation mouvement concert finale
Topic #0: club président joueurs saison équipe jeunes stade joueur football monde,Topic #1: real madrid zidane benzema bale karim liga hazard zinedine gareth,Topic #2: mercato barcelone barça pourrait leonardo contrat messi juventus milan joueur,Topic #3: neymar mbappé tuchel paris thomas kylian icardi germain saint cavani,Topic #4: ligue hier racing champions football rubrique basket bonne près articles,Topic #5: mourinho tottenham bayern josé pochettino entraîneur munich manchester spurs mauricio,Topic #6: marseille olympique garcia rudi lyon lyonnais boutique villas boas football
